{
  "model": "Logistic Regression (TF-IDF)",
  "test_accuracy": 0.7729,
  "test_macro_f1": 0.6243178495686416,
  "val_accuracy": 0.7905,
  "val_macro_f1": 0.6476407547045747,
  "precision": [
    0.6305655836341757,
    0.23284710967044842,
    0.9634653923231078
  ],
  "recall": [
    0.7163362952836637,
    0.5199034981905911,
    0.8108458744161909
  ],
  "f1": [
    0.6707200000000001,
    0.32164179104477614,
    0.8805917576611484
  ],
  "confusion_matrix": [
    [
      1048,
      339,
      76
    ],
    [
      237,
      431,
      161
    ],
    [
      377,
      1081,
      6250
    ]
  ],
  "parameters": "N/A (traditional ML)",
  "features": 5000
}