{
  "model": "MLP",
  "test_accuracy": 0.7329000234603882,
  "test_macro_f1": 0.5724613296331357,
  "test_loss": 0.68080735206604,
  "precision": [
    0.540554962646745,
    0.19332566168009205,
    0.9361302442078898
  ],
  "recall": [
    0.6924128503075871,
    0.40530759951749096,
    0.7758173326414115
  ],
  "f1": [
    0.6071321546299071,
    0.2617841838722244,
    0.8484676503972758
  ],
  "confusion_matrix": [
    [
      1013,
      304,
      146
    ],
    [
      231,
      336,
      262
    ],
    [
      630,
      1098,
      5980
    ]
  ],
  "epochs_trained": 12,
  "parameters": 141699
}